{"resourceType":"ValueSet","id":"fr-core-vs-organization-etablissement-type","meta":{"profile":["http://hl7.org/fhir/StructureDefinition/shareablevalueset"]},"text":{"status":"generated","div":"<div xmlns=\"http://www.w3.org/1999/xhtml\"><p class=\"res-header-id\"><b>Generated Narrative: ValueSet fr-core-vs-organization-etablissement-type</b></p><a name=\"fr-core-vs-organization-etablissement-type\"> </a><a name=\"hcfr-core-vs-organization-etablissement-type\"> </a><a name=\"fr-core-vs-organization-etablissement-type-fr-FR\"> </a><div style=\"display: inline-block; background-color: #d9e0e7; padding: 6px; margin: 4px; border: 1px solid #8da1b4; border-radius: 5px; line-height: 60%\"><p style=\"margin-bottom: 0px\"/><p style=\"margin-bottom: 0px\">Profil: <a href=\"http://hl7.org/fhir/R4/shareablevalueset.html\">Shareable ValueSet</a></p></div><ul><li>Include les codes sont définis dans <a href=\"CodeSystem-fr-core-cs-v2-3307.html\"><code>https://hl7.fr/ig/fhir/core/CodeSystem/fr-core-cs-v2-3307</code></a><table class=\"none\"><tr><td style=\"white-space:nowrap\"><b>Code</b></td><td><b>Display</b></td></tr><tr><td><a href=\"CodeSystem-fr-core-cs-v2-3307.html#fr-core-cs-v2-3307-LEGAL-ENTITY\">LEGAL-ENTITY</a></td><td>Entité légale</td></tr><tr><td><a href=\"CodeSystem-fr-core-cs-v2-3307.html#fr-core-cs-v2-3307-GEOGRAPHICAL-ENTITY\">GEOGRAPHICAL-ENTITY</a></td><td>Entité géographique</td></tr></table></li></ul></div>"},"url":"https://hl7.fr/ig/fhir/core/ValueSet/fr-core-vs-organization-etablissement-type","version":"2.1.0","name":"FRCoreValueSetOrganizationEtablissementType","title":"FR Core ValueSet Organization Etablisement type","status":"active","experimental":false,"date":"2025-05-18T23:49:30+02:00","publisher":"Interop'Santé","contact":[{"name":"Interop'Santé","telecom":[{"system":"url","value":"http://interopsante.org/"}]},{"name":"InteropSanté","telecom":[{"system":"email","value":"fhir@interopsante.org","use":"work"}]}],"description":"Types d'organisation représentant des établissements.","jurisdiction":[{"coding":[{"system":"urn:iso:std:iso:3166","code":"FR","display":"France"}]}],"compose":{"include":[{"system":"https://hl7.fr/ig/fhir/core/CodeSystem/fr-core-cs-v2-3307","concept":[{"code":"LEGAL-ENTITY","display":"Entité légale"},{"code":"GEOGRAPHICAL-ENTITY","display":"Entité géographique"}]}]}}