{"resourceType":"ValueSet","id":"fr-core-vs-location-type-chambre","meta":{"profile":["http://hl7.org/fhir/StructureDefinition/shareablevalueset"]},"text":{"status":"generated","div":"<div xmlns=\"http://www.w3.org/1999/xhtml\"><p class=\"res-header-id\"><b>Generated Narrative: ValueSet fr-core-vs-location-type-chambre</b></p><a name=\"fr-core-vs-location-type-chambre\"> </a><a name=\"hcfr-core-vs-location-type-chambre\"> </a><a name=\"fr-core-vs-location-type-chambre-fr-FR\"> </a><div style=\"display: inline-block; background-color: #d9e0e7; padding: 6px; margin: 4px; border: 1px solid #8da1b4; border-radius: 5px; line-height: 60%\"><p style=\"margin-bottom: 0px\"/><p style=\"margin-bottom: 0px\">Profil: <a href=\"http://hl7.org/fhir/R4/shareablevalueset.html\">Shareable ValueSet</a></p></div><ul><li>Include tous les codes définis dans <a href=\"CodeSystem-fr-core-cs-location-type-chambre.html\"><code>https://hl7.fr/ig/fhir/core/CodeSystem/fr-core-cs-location-type-chambre</code></a></li></ul></div>"},"url":"https://hl7.fr/ig/fhir/core/ValueSet/fr-core-vs-location-type-chambre","version":"2.1.0","name":"FRCoreValueSetLocationTypeChambre","title":"FR Core ValueSet Location Type Chambre","status":"active","experimental":false,"date":"2025-05-18T23:24:45+02:00","publisher":"Interop'Santé","contact":[{"name":"Interop'Santé","telecom":[{"system":"url","value":"http://interopsante.org/"}]},{"name":"InteropSanté","telecom":[{"system":"email","value":"fhir@interopsante.org","use":"work"}]}],"description":"Type de chambre","jurisdiction":[{"coding":[{"system":"urn:iso:std:iso:3166","code":"FR","display":"France"}]}],"compose":{"include":[{"system":"https://hl7.fr/ig/fhir/core/CodeSystem/fr-core-cs-location-type-chambre"}]}}