<?xml version="1.0" encoding="UTF-8"?>

<CodeSystem xmlns="http://hl7.org/fhir">
  <id value="fr-core-cs-v2-3307"/>
  <meta>
    <profile value="http://hl7.org/fhir/StructureDefinition/shareablecodesystem"/>
  </meta>
  <text>
    <status value="generated"/><div xmlns="http://www.w3.org/1999/xhtml"><p class="res-header-id"><b>Generated Narrative: CodeSystem fr-core-cs-v2-3307</b></p><a name="fr-core-cs-v2-3307"> </a><a name="hcfr-core-cs-v2-3307"> </a><a name="fr-core-cs-v2-3307-fr-FR"> </a><div style="display: inline-block; background-color: #d9e0e7; padding: 6px; margin: 4px; border: 1px solid #8da1b4; border-radius: 5px; line-height: 60%"><p style="margin-bottom: 0px"/><p style="margin-bottom: 0px">Profil: <a href="http://hl7.org/fhir/R4/shareablecodesystem.html">Shareable CodeSystem</a></p></div><p>This case-sensitive code system <code>https://hl7.fr/ig/fhir/core/CodeSystem/fr-core-cs-v2-3307</code> defines the following codes:</p><table class="codes"><tr><td style="white-space:nowrap"><b>Code</b></td><td><b>Display</b></td></tr><tr><td style="white-space:nowrap">GHT<a name="fr-core-cs-v2-3307-GHT"> </a></td><td>Groupement hospitalier de territoire</td></tr><tr><td style="white-space:nowrap">LEGAL-ENTITY<a name="fr-core-cs-v2-3307-LEGAL-ENTITY"> </a></td><td>Entité légale</td></tr><tr><td style="white-space:nowrap">GEOGRAPHICAL-ENTITY<a name="fr-core-cs-v2-3307-GEOGRAPHICAL-ENTITY"> </a></td><td>Entité géographique</td></tr><tr><td style="white-space:nowrap">GROUP<a name="fr-core-cs-v2-3307-GROUP"> </a></td><td>Groupe privé/hospitalier</td></tr><tr><td style="white-space:nowrap">STRUCT-INTERNE<a name="fr-core-cs-v2-3307-STRUCT-INTERNE"> </a></td><td>Structure interne</td></tr><tr><td style="white-space:nowrap">SECTEUR<a name="fr-core-cs-v2-3307-SECTEUR"> </a></td><td>Secteur</td></tr><tr><td style="white-space:nowrap">DEPARTEMENT<a name="fr-core-cs-v2-3307-DEPARTEMENT"> </a></td><td>Département</td></tr><tr><td style="white-space:nowrap">SERVICE<a name="fr-core-cs-v2-3307-SERVICE"> </a></td><td>Service</td></tr><tr><td style="white-space:nowrap">UM<a name="fr-core-cs-v2-3307-UM"> </a></td><td>Unité médicale</td></tr><tr><td style="white-space:nowrap">UAC<a name="fr-core-cs-v2-3307-UAC"> </a></td><td>Unité d'activité</td></tr><tr><td style="white-space:nowrap">POLE<a name="fr-core-cs-v2-3307-POLE"> </a></td><td>Pôle</td></tr><tr><td style="white-space:nowrap">CENTRE-RESP<a name="fr-core-cs-v2-3307-CENTRE-RESP"> </a></td><td>Centre de responsabilité</td></tr><tr><td style="white-space:nowrap">CENTRE-ACTIVITE<a name="fr-core-cs-v2-3307-CENTRE-ACTIVITE"> </a></td><td>Centre d'activité</td></tr><tr><td style="white-space:nowrap">UF<a name="fr-core-cs-v2-3307-UF"> </a></td><td>Unité fonctionnelle</td></tr></table></div>
  </text>
  <url value="https://hl7.fr/ig/fhir/core/CodeSystem/fr-core-cs-v2-3307"/>
  <version value="2.1.0"/>
  <name value="FRCoreCodeSystemv2_3307"/>
  <title value="FR Core CodeSystem v2-3307"/>
  <status value="draft"/>
  <experimental value="false"/>
  <date value="2025-05-24T18:31:28+02:00"/>
  <publisher value="Interop'Santé"/>
  <contact>
    <name value="Interop'Santé"/>
    <telecom>
      <system value="url"/>
      <value value="http://interopsante.org/"/>
    </telecom>
  </contact>
  <contact>
    <name value="InteropSanté"/>
    <telecom>
      <system value="email"/>
      <value value="fhir@interopsante.org"/>
      <use value="work"/>
    </telecom>
  </contact>
  <description value="HL7 v2 - Table 3307"/>
  <jurisdiction>
    <coding>
      <system value="urn:iso:std:iso:3166"/>
      <code value="FR"/>
      <display value="France"/>
    </coding>
  </jurisdiction>
  <caseSensitive value="true"/>
  <content value="complete"/>
  <count value="14"/>
  <concept>
    <code value="GHT"/>
    <display value="Groupement hospitalier de territoire"/>
  </concept>
  <concept>
    <code value="LEGAL-ENTITY"/>
    <display value="Entité légale"/>
  </concept>
  <concept>
    <code value="GEOGRAPHICAL-ENTITY"/>
    <display value="Entité géographique"/>
  </concept>
  <concept>
    <code value="GROUP"/>
    <display value="Groupe privé/hospitalier"/>
  </concept>
  <concept>
    <code value="STRUCT-INTERNE"/>
    <display value="Structure interne"/>
  </concept>
  <concept>
    <code value="SECTEUR"/>
    <display value="Secteur"/>
  </concept>
  <concept>
    <code value="DEPARTEMENT"/>
    <display value="Département"/>
  </concept>
  <concept>
    <code value="SERVICE"/>
    <display value="Service"/>
  </concept>
  <concept>
    <code value="UM"/>
    <display value="Unité médicale"/>
  </concept>
  <concept>
    <code value="UAC"/>
    <display value="Unité d'activité"/>
  </concept>
  <concept>
    <code value="POLE"/>
    <display value="Pôle"/>
  </concept>
  <concept>
    <code value="CENTRE-RESP"/>
    <display value="Centre de responsabilité"/>
  </concept>
  <concept>
    <code value="CENTRE-ACTIVITE"/>
    <display value="Centre d'activité"/>
  </concept>
  <concept>
    <code value="UF"/>
    <display value="Unité fonctionnelle"/>
  </concept>
</CodeSystem>