Source File	Size	loadResources	load	generateSnapshots	load-configure	scan	loadDepInfo	loadInfo	checkR4R4B	generateNarratives	validate	loadLists	checkConformanceResources	checkConformanceResources2	checkConformanceResources3	generateLogicalMaps	validateExpressions	scanForUsageStats	checkURLsUnique	processProvenanceDetails	generate1	generate2	generateLogicals	makeDependencies	generateExampleZip	generateValidationPack	scanProfilesForR5	scanExamplesForR5
/fsh-generated/resources/ImplementationGuide-hl7.fhir.fr.core.json	23877	-	0	0	0	0	0	0	10	56	0	0	0	0	0	0	0	1	0	0	96	161	0	0	0	8	0	2
fsh-generated/resources/CodeSystem-fr-core-cs-champ-activite.json	2017	5	0	0	1	0	0	0	0	12	0	0	1	0	0	0	0	0	0	0	23	452	0	0	0	1	0	0
fsh-generated/resources/CodeSystem-fr-core-cs-code-tarif-tnjp.json	4046	3	0	0	0	0	0	0	1	9	0	0	0	0	0	0	0	0	0	0	27	74	0	0	0	1	0	0
fsh-generated/resources/CodeSystem-fr-core-cs-discipline-equipement.json	12988	4	0	0	0	0	0	0	1	16	0	0	0	0	0	0	0	0	0	0	54	105	0	0	0	5	0	0
fsh-generated/resources/CodeSystem-fr-core-cs-discipline-prestation.json	26149	4	0	0	1	0	0	0	3	20	0	0	0	0	0	0	0	0	0	0	66	129	0	0	0	10	0	0
fsh-generated/resources/CodeSystem-fr-core-cs-location-position-lit.json	726	4	0	0	0	0	0	0	0	7	0	0	0	0	0	0	0	0	0	0	20	53	0	0	0	1	0	0
fsh-generated/resources/CodeSystem-fr-core-cs-location-type-chambre.json	871	2	0	0	1	0	0	0	0	5	0	0	0	0	0	0	0	0	0	0	17	42	0	0	0	1	0	0
fsh-generated/resources/CodeSystem-fr-core-cs-location-type.json	1308	3	0	0	0	0	0	0	0	6	0	0	0	0	0	0	0	0	0	0	16	46	0	0	0	1	0	1
fsh-generated/resources/CodeSystem-fr-core-cs-type-activite.json	4057	3	0	0	0	0	0	0	0	7	0	0	0	0	0	0	0	0	0	0	22	45	0	0	0	2	0	0
fsh-generated/resources/CodeSystem-fr-core-cs-uf-indicateur.json	1100	3	0	0	0	0	0	0	1	6	0	0	0	0	0	0	0	0	0	0	19	31	0	0	0	0	0	0
fsh-generated/resources/CodeSystem-fr-core-cs-v2-3307.json	1562	2	0	0	0	0	0	0	0	6	0	0	0	0	0	0	0	1	0	0	20	41	0	0	0	1	0	0
fsh-generated/resources/Organization-hopitaltest-dept-11003-endocrino.json	1283	4	0	0	0	0	1	0	0	374	0	0	0	0	0	0	0	0	0	0	18	34	0	0	0	0	0	0
fsh-generated/resources/Organization-hopitaltest-eg-4-members.json	2998	3	0	0	0	0	0	0	0	9	0	0	0	0	0	0	0	0	0	0	17	24	0	0	0	0	0	0
fsh-generated/resources/Organization-hopitaltest-ej-350005179.json	1822	3	0	0	0	0	0	0	0	2	0	0	0	0	0	0	0	0	0	0	14	12	0	0	0	0	0	0
fsh-generated/resources/Organization-hopitaltest-pole-1150-med-spe.json	1257	3	0	0	0	0	0	0	0	2	0	0	0	0	0	0	0	0	0	0	14	14	0	0	0	0	0	0
fsh-generated/resources/Organization-hopitaltest-service-11006-endocrino-diabo.json	637	3	0	0	0	0	0	0	0	0	0	0	0	0	0	0	0	0	0	0	19	9	0	0	0	0	0	0
fsh-generated/resources/Organization-hopitaltest-service-11007-dietetique.json	625	3	0	0	0	0	0	0	0	1	0	0	0	0	0	0	0	0	0	0	15	11	0	0	0	0	0	0
fsh-generated/resources/Organization-hopitaltest-uac-4420-uac-01.json	1360	3	0	0	0	0	0	0	0	3	0	0	0	0	0	0	0	0	0	0	15	11	0	0	0	0	0	0
fsh-generated/resources/Organization-hopitaltest-uac-4420-uac-02.json	1360	2	0	0	0	0	0	0	0	1	0	0	0	0	0	0	0	0	0	0	14	10	0	0	0	0	0	0
fsh-generated/resources/Organization-hopitaltest-uf-4420-dialyse.json	3596	3	0	0	0	0	0	0	1	7	0	0	0	0	0	0	0	0	0	0	25	20	0	0	0	0	0	0
fsh-generated/resources/Organization-hopitaltest-uf-4701-endocrino-diab.json	1803	4	0	0	0	0	0	0	0	3	0	0	0	0	0	0	0	0	0	0	24	13	0	0	0	0	0	0
fsh-generated/resources/Organization-hopitaltest-uf-4705-nutrition.json	1940	2	0	0	0	0	0	0	0	3	0	0	0	0	0	0	0	0	0	0	24	10	0	0	0	0	0	0
fsh-generated/resources/StructureDefinition-fr-core-address-insee-code.json	1769	4	0	13	1	0	0	1	0	36	0	0	1	0	0	0	0	0	0	0	44	353	0	1	0	2	0	0
fsh-generated/resources/StructureDefinition-fr-core-address.json	1558	2	0	27	0	0	0	0	0	21	0	0	0	0	0	0	0	0	0	0	56	155	0	0	0	2	0	0
fsh-generated/resources/StructureDefinition-fr-core-contact-point-email-type.json	1787	3	1	19	0	0	0	0	0	13	0	0	0	0	0	0	0	0	0	0	40	138	0	0	0	1	0	0
fsh-generated/resources/StructureDefinition-fr-core-contact-point.json	1494	3	0	21	0	0	0	0	0	14	0	0	0	0	0	0	0	0	0	0	46	135	0	0	0	2	0	0
fsh-generated/resources/StructureDefinition-fr-core-location-position-lit.json	1576	2	0	18	0	0	0	0	0	13	0	0	0	0	0	0	0	1	0	0	37	75	0	0	0	1	0	0
fsh-generated/resources/StructureDefinition-fr-core-location-type-chambre.json	1566	3	0	15	0	0	0	0	0	11	0	0	0	0	0	0	0	0	0	0	36	68	0	0	0	1	0	0
fsh-generated/resources/StructureDefinition-fr-core-location.json	2978	4	0	37	1	0	0	0	0	20	0	0	0	0	0	0	0	0	0	0	94	211	0	0	0	6	0	1
fsh-generated/resources/StructureDefinition-fr-core-organization-champ-activite.json	1641	3	0	19	0	0	0	0	0	12	0	0	0	0	0	0	0	0	0	0	42	75	0	0	0	2	0	0
fsh-generated/resources/StructureDefinition-fr-core-organization-demandeuse-acte.json	1538	3	0	18	0	0	0	0	0	12	0	0	0	0	0	0	0	0	0	0	44	67	0	0	0	2	0	0
fsh-generated/resources/StructureDefinition-fr-core-organization-description.json	1402	4	0	11	1	0	0	0	0	13	0	0	0	0	0	0	0	0	0	0	57	67	0	0	0	1	1	0
fsh-generated/resources/StructureDefinition-fr-core-organization-discipline-equipement.json	1686	5	0	7	0	0	0	0	0	12	0	0	0	0	0	0	0	0	0	0	42	62	0	0	0	1	0	0
fsh-generated/resources/StructureDefinition-fr-core-organization-discipline-prestation.json	1688	4	0	6	0	0	0	0	0	10	0	0	0	0	0	0	0	0	0	0	42	64	0	0	0	1	0	0
fsh-generated/resources/StructureDefinition-fr-core-organization-etablissement.json	7795	4	0	119	0	0	0	0	0	37	0	0	1	0	0	0	0	2	0	0	234	459	0	0	0	14	0	1
fsh-generated/resources/StructureDefinition-fr-core-organization-executante-acte.json	1564	4	0	9	1	0	0	0	0	12	0	0	0	0	0	0	0	0	0	0	32	65	0	0	0	1	0	0
fsh-generated/resources/StructureDefinition-fr-core-organization-member.json	2527	5	0	7	0	0	0	0	0	16	0	0	0	0	0	0	0	0	0	0	43	111	0	0	0	2	0	0
fsh-generated/resources/StructureDefinition-fr-core-organization-place-hebergement-theorique.json	1635	5	0	7	0	0	0	0	0	12	0	0	0	0	0	0	0	0	0	0	25	51	0	0	0	2	0	0
fsh-generated/resources/StructureDefinition-fr-core-organization-raison-sociale.json	1480	5	0	6	0	0	0	0	0	11	0	0	0	0	0	0	0	0	0	0	26	52	0	0	0	1	0	0
fsh-generated/resources/StructureDefinition-fr-core-organization-sae-category.json	2333	5	0	7	0	0	0	0	1	13	0	0	0	0	0	0	0	0	0	0	36	80	0	0	0	2	0	0
fsh-generated/resources/StructureDefinition-fr-core-organization-short-name.json	1448	6	0	8	0	0	0	0	0	12	0	0	0	0	0	0	0	0	0	0	25	59	0	0	0	3	0	0
fsh-generated/resources/StructureDefinition-fr-core-organization-tarif.json	2372	5	0	7	0	0	0	0	0	10	0	0	0	0	0	0	0	0	0	0	26	59	0	0	0	1	0	0
fsh-generated/resources/StructureDefinition-fr-core-organization-type-activite.json	2136	6	0	9	0	0	0	0	0	24	0	0	0	0	0	0	0	0	0	0	38	75	0	0	0	3	1	1
fsh-generated/resources/StructureDefinition-fr-core-organization-uac.json	2413	5	0	13	1	0	0	0	0	19	0	0	0	0	0	0	0	1	0	0	65	184	0	0	0	8	0	0
fsh-generated/resources/StructureDefinition-fr-core-organization-uf-externe.json	1542	5	0	8	0	0	0	0	0	9	0	0	0	0	0	0	0	0	0	0	25	64	0	0	0	3	0	0
fsh-generated/resources/StructureDefinition-fr-core-organization-uf-indicateur.json	2370	6	0	7	0	0	0	0	0	11	0	0	0	0	0	0	0	0	0	0	37	79	0	0	0	4	0	0
fsh-generated/resources/StructureDefinition-fr-core-organization-uf.json	4316	5	0	14	0	0	0	0	0	18	0	0	0	0	0	0	0	1	0	0	80	219	0	0	0	13	0	0
fsh-generated/resources/StructureDefinition-fr-core-organization.json	4716	4	0	0	0	0	0	0	0	16	0	0	0	0	0	0	0	0	0	0	70	168	0	0	0	7	0	1
fsh-generated/resources/ValueSet-fr-core-vs-categorie-sae-etablissement.json	4789	4	0	0	0	0	0	0	0	65	0	0	0	0	0	0	0	0	0	0	21	225	0	0	0	2	0	0
fsh-generated/resources/ValueSet-fr-core-vs-discipline-prestation.json	678	5	0	0	0	0	0	0	0	8	0	0	0	0	0	0	0	0	0	0	16	1336	0	0	0	1	0	0
fsh-generated/resources/ValueSet-fr-core-vs-email-type.json	964	5	0	0	0	0	0	0	0	7	0	0	0	0	0	0	0	0	0	0	14	43	0	0	0	0	0	0
fsh-generated/resources/ValueSet-fr-core-vs-insee-code.json	716	3	0	0	0	0	0	0	0	5	0	0	0	0	0	0	0	0	0	0	12	5087	0	0	0	0	0	0
fsh-generated/resources/ValueSet-fr-core-vs-location-position-lit.json	615	4	0	0	1	0	0	0	1	7	0	0	0	0	0	0	0	0	0	0	13	35	0	0	0	1	0	0
fsh-generated/resources/ValueSet-fr-core-vs-location-type-chambre.json	599	4	0	0	0	0	0	0	0	5	0	0	0	0	0	0	0	0	0	0	14	42	0	0	0	0	0	0
fsh-generated/resources/ValueSet-fr-core-vs-location-type.json	612	5	0	0	0	0	0	0	0	6	0	0	0	0	0	0	0	0	0	0	13	76	0	0	0	0	0	0
fsh-generated/resources/ValueSet-fr-core-vs-oragnization-code-tarif-tnjp.json	653	3	0	0	0	0	0	0	0	8	0	0	0	0	0	0	0	0	0	0	12	235	0	0	0	1	0	0
fsh-generated/resources/ValueSet-fr-core-vs-oragnization-type-activite.json	666	3	0	0	0	0	0	0	0	5	0	0	0	0	0	0	0	0	0	0	13	209	0	0	0	0	0	0
fsh-generated/resources/ValueSet-fr-core-vs-organization-champ-activite.json	722	3	0	0	0	0	0	0	0	8	0	0	0	0	0	0	0	0	0	0	15	68	0	0	0	1	0	0
fsh-generated/resources/ValueSet-fr-core-vs-organization-discipline-equipement.json	715	4	0	1	0	0	0	0	0	5	0	0	0	0	0	0	0	0	0	0	15	683	0	0	0	0	0	0
fsh-generated/resources/ValueSet-fr-core-vs-organization-etablissement-type.json	912	5	0	0	0	0	0	0	0	7	0	0	1	0	0	0	0	0	0	0	15	29	0	0	0	1	0	0
fsh-generated/resources/ValueSet-fr-core-vs-organization-identifier-type.json	1872	3	0	0	0	0	0	0	0	8	0	0	0	0	0	0	0	0	0	0	15	20	0	0	0	1	0	0
fsh-generated/resources/ValueSet-fr-core-vs-organization-type.json	1603	4	0	0	0	0	0	0	1	6	0	0	0	0	0	0	0	1	0	0	16	69	0	0	0	0	0	0
fsh-generated/resources/ValueSet-fr-core-vs-organization-uac-type.json	754	5	0	0	1	0	0	0	0	8	0	0	0	0	0	0	0	0	0	0	16	25	0	0	0	1	0	0
fsh-generated/resources/ValueSet-fr-core-vs-organization-uf-indicateur.json	603	5	0	0	0	0	0	0	0	5	0	0	0	0	0	0	0	0	0	0	15	51	0	0	0	0	0	0
fsh-generated/resources/ValueSet-fr-core-vs-organization-uf-type.json	753	3	0	0	0	0	0	0	0	5	0	0	0	0	0	0	0	0	0	0	15	28	0	0	0	1	0	0
/fsh-generated/includes/fsh-link-references.md	5651	-	-	-	0	0	0	0	0	0	0	0	0	0	0	0	0	0	0	0	0	0	0	0	0	0	0	0
/fsh-generated/includes/menu.xml	2578	-	-	-	0	0	0	0	0	0	0	0	0	0	0	0	0	0	0	0	0	0	0	0	0	0	0	0
/input/data/features.yml	164	-	-	-	0	0	0	0	0	0	0	0	0	0	0	0	0	0	0	0	0	0	0	0	0	0	0	0
/input/pagecontent/index.md	8046	-	-	-	0	0	0	0	0	0	0	0	0	0	0	0	0	0	0	0	0	0	0	0	0	0	0	0
/input/pagecontent/autres_ressources.md	0	-	-	-	0	0	0	0	0	0	0	0	0	0	0	0	0	0	0	0	0	0	0	0	0	0	0	0
/input/pagecontent/StructureDefinition-fr-core-organization-uac-intro.md	456	-	-	-	0	0	0	0	0	0	0	0	0	0	0	0	0	0	0	0	0	0	0	0	0	0	0	0
/input/pagecontent/structure_relations.md	1863	-	-	-	0	0	0	0	0	0	0	0	0	0	0	0	0	0	0	0	0	0	0	0	0	0	0	0
/input/pagecontent/StructureDefinition-fr-core-location-intro.md	647	-	-	-	0	0	0	0	0	0	0	0	0	0	0	0	0	0	0	0	0	0	0	0	0	0	0	0
/input/pagecontent/structure_nomenclatures.md	2664	-	-	-	0	0	0	0	0	0	0	0	0	0	0	0	0	0	0	0	0	0	0	0	0	0	0	0
/input/pagecontent/profile_list.md	942	-	-	-	0	0	0	0	0	0	0	0	0	0	0	0	0	0	0	0	0	4	0	0	0	0	0	0
/input/pagecontent/StructureDefinition-fr-core-organization-intro.md	799	-	-	-	0	0	0	0	0	0	0	0	0	0	0	0	0	0	0	0	0	0	0	0	0	0	0	0
/input/pagecontent/structure_intro.md	1146	-	-	-	0	0	0	0	0	0	0	0	0	0	0	0	0	0	0	0	0	0	0	0	0	0	0	0
/input/pagecontent/structure_contraintes.md	4150	-	-	-	0	0	0	0	0	0	0	0	0	0	0	0	0	0	0	0	0	0	0	0	0	0	0	0
/input/pagecontent/StructureDefinition-fr-core-organization-etablissement-intro.md	1595	-	-	-	0	0	0	0	0	0	0	0	0	0	0	0	0	0	0	0	0	0	0	0	0	0	0	0
/input/pagecontent/structure_entites.md	9863	-	-	-	0	0	0	0	0	0	0	0	0	0	0	0	0	0	0	0	0	1	0	0	0	0	0	0
/input/pagecontent/StructureDefinition-fr-core-organization-uf-intro.md	4194	-	-	-	0	0	0	0	0	0	0	0	0	0	0	0	0	0	0	0	0	0	0	0	0	0	0	0
/input/pagecontent/downloads.md	958	-	-	-	0	0	0	0	0	0	0	0	0	0	0	0	0	0	0	0	0	0	0	0	0	0	0	0
/input/pagecontent/bonnes_pratiques.md	570	-	-	-	0	0	0	0	0	0	0	0	0	0	0	0	0	0	0	0	0	0	0	0	0	0	0	0
/input/pagecontent/a_propos.md	1999	-	-	-	0	0	0	0	0	0	0	0	0	0	0	0	0	0	0	0	0	0	0	0	0	0	0	0
/input/pagecontent/structure_ref_loi.md	16921	-	-	-	0	0	0	0	0	0	0	0	0	0	0	0	0	0	0	0	0	1	0	0	0	0	0	0
/template/config	0	-	-	-	0	0	0	0	0	0	0	0	0	0	0	0	0	0	0	0	0	0	0	0	0	0	0	0
/template/config/_config.yml	31	-	-	-	0	0	0	0	0	0	0	0	0	0	0	0	0	0	0	0	0	0	0	0	0	0	0	0
/input/images	0	-	-	-	0	0	0	0	0	0	0	0	0	0	0	0	0	0	0	0	0	0	0	0	0	0	0	0
/input/images/profiles.svg	10934	-	-	-	0	0	0	0	0	0	0	0	0	0	0	0	0	0	0	0	0	0	0	0	0	0	0	0
/input/images/liens_entite.svg	3077	-	-	-	0	0	0	0	0	0	0	0	0	0	0	0	0	0	0	0	0	0	0	0	0	0	0	0
/input/images/relations_personnes.svg	3928	-	-	-	0	0	0	0	0	0	0	0	0	0	0	0	0	0	0	0	0	0	0	0	0	0	0	0
/input/images/profiles_uml.svg	8175	-	-	-	0	0	0	0	0	0	0	0	0	0	0	0	0	0	0	0	0	0	0	0	0	0	0	0
/input/images/p_uml.svg	118938	-	-	-	0	0	0	0	0	0	0	0	0	0	0	0	0	0	0	0	0	0	0	0	0	0	0	0
/input/images/anImage.png	36288	-	-	-	0	0	0	0	0	0	0	0	0	0	0	0	0	0	0	0	0	0	0	0	0	0	0	0
/temp/pages/_includes/artifacts.xml	30049	-	-	-	-	-	-	-	-	-	-	-	-	-	-	-	-	-	-	-	-	0	0	0	0	0	0	0
